features,method,key,n_clusters,noise_frac,largest_frac,sil,db,ch,stab_sub_ari,stab_sub_sd,n_sub,stab_seed_ari,stab_seed_note
raw,KMeans k=10,raw__KMeans_k10,10,0.0,0.20266149154421959,0.19958565780969628,2.7407144460153123,151.0846676538762,0.8992074281348416,0.05286270224514142,20,0.9298234676674558,6 seeds
raw,KMeans k=20,raw__KMeans_k20,20,0.0,0.073745494871084,0.20780181419980703,2.9660564475900895,105.75230319727112,0.8363177143121744,0.04630432483528211,20,0.8229795989151633,6 seeds
raw,Leiden r=0.5,raw__Leiden_r0.5,17,0.0,0.10479622955364569,0.21210459359951922,2.430942275499942,107.68791634720807,0.8896143493723436,0.02814125488290713,20,0.9500867332171564,6 seeds
raw,Leiden r=1.0,raw__Leiden_r1.0,19,0.0,0.10645966176878292,0.21259041499983217,2.421994365486322,102.30993290013609,0.9017318917195905,0.038054112020259524,20,0.9477028355190307,6 seeds
raw,UMAP+HDBSCAN,raw__UMAP_HDBSCAN,51,0.09287496534516218,0.1006376490158026,0.17448806376356932,2.435787067075929,47.388355601020265,0.7705164722858506,0.1982909020222363,20,0.7396233499179617,6 seeds
raw,TEMI K=10,raw__TEMI_K10,10,0.0,0.14083726088161908,0.16869416872451898,2.9626454313454658,124.39351430865035,0.5317429973811766,0.02615438769540589,3,0.48137194887936446,"16 heads (independent inits, same pairs)"
raw,TEMI K=20,raw__TEMI_K20,20,0.0,0.09675630718048239,0.19012304223802107,3.0467310861752397,94.2433223486913,,,0,0.7026094776565752,"16 heads (independent inits, same pairs)"
defl20,KMeans k=10,defl20__KMeans_k10,10,0.0,0.1425006930967563,0.019018749084523025,6.668961557850305,19.191652504324473,0.19642091898491773,0.03700367564579889,20,0.22089666227023536,6 seeds
defl20,KMeans k=20,defl20__KMeans_k20,20,0.0,0.08372608816190741,0.025052483301930623,5.571273844433298,14.477930918122217,0.19063413925248104,0.020102533167350778,20,0.21244786881452146,6 seeds
defl20,Leiden r=0.5,defl20__Leiden_r0.5,13,0.0,0.16911560853895205,-0.01646402455876842,13.756466415854705,5.7246427754910405,0.7076768796723083,0.06386741301364882,20,0.9105188762708659,6 seeds
defl20,Leiden r=1.0,defl20__Leiden_r1.0,24,0.0,0.09204324923759356,-0.010264452791908697,8.871770596564366,7.363785411990728,0.7105724460299986,0.045969126524025884,20,0.8912252972381346,6 seeds
defl20,UMAP+HDBSCAN,defl20__UMAP_HDBSCAN,78,0.2561685611311339,0.06515109509287496,0.07340191236072888,3.832855524358589,7.845713029970049,0.3657364391507406,0.05173120422435365,20,0.614703494289032,6 seeds
defl20,TEMI K=10,defl20__TEMI_K10,10,0.0,0.1824230662600499,0.004072946366349445,8.693506476968766,11.57425127694935,,,0,0.09357541857272779,"16 heads (independent inits, same pairs)"
