file,pred,conf
1_E_1.jpg,pcb,0.6666666666666666
1_E_2.jpg,pcb,1.0
1_E_3.jpg,Keyboard,0.9333333333333332
1_E_4.jpg,Washing_Machine,0.4
1_E_5.jpg,pcb,1.0
1_E_6.jpg,Keyboard,0.5333333333333333
1_E_7.jpg,Mobile,1.0
1_E_8.jpg,pcb,0.4666666666666667
1_E_9.jpeg,Player,0.5333333333333333
1_E_10.jpg,Mobile,1.0
1_E_11.jpg,pcb,1.0
1_E_12.jpg,Keyboard,1.0
1_E_13.jpg,pcb,0.9333333333333332
1_E_14.jpg,pcb,1.0
1_E_15.jpg,Printer,0.4
1_E_16.png,pcb,0.8
1_E_17.jpg,Television,1.0
1_E_18.png,battery,0.5333333333333333
1_E_19.jpg,Printer,0.3333333333333333
1_E_20.jpg,Mobile,0.6
1_E_21.jpg,Television,1.0
1_E_22.jpeg,Keyboard,0.9333333333333332
1_E_23.jpeg,Keyboard,0.6666666666666666
1_E_24.jpeg,Television,1.0
1_E_25.jpg,Television,1.0
1_E_26.jpg,Television,1.0
1_E_27.jpg,pcb,0.8666666666666667
1_E_28.jpg,pcb,0.8666666666666667
1_E_29.jpg,Mobile,0.8666666666666667
1_E_30.jpg,battery,0.6
1_E_31.jpg,Keyboard,0.6
1_E_32.jpg,pcb,1.0
1_E_33.jpg,pcb,1.0
1_E_34.jpg,pcb,0.7333333333333333
1_E_35.jpg,pcb,1.0
1_E_36.jpg,Television,0.8
1_E_38.jpeg,Keyboard,1.0
1_E_39.jpg,pcb,0.4
1_E_40.jpeg,battery,0.4
1_E_41.jpg,Keyboard,0.5333333333333333
1_E_42.jpg,Television,0.9333333333333332
1_E_43.jpg,Television,1.0
1_E_44.jpg,pcb,0.5333333333333333
1_E_45.jpg,pcb,1.0
1_E_46.jpg,pcb,0.3333333333333333
1_E_47.jpg,pcb,0.6
1_E_48.jpg,Mobile,0.8666666666666667
1_E_49.jpg,Printer,1.0
1_E_50.jpg,Mouse,0.4
1_E_51.png,pcb,1.0
1_E_52.jpg,pcb,0.6666666666666666
1_E_53.jpg,Mobile,0.6666666666666666
1_E_54.jpg,Television,0.7333333333333333
1_E_55.jpg,pcb,1.0
1_E_56.jpeg,Keyboard,1.0
1_E_57.jpg,pcb,0.9333333333333332
1_E_58.jpg,Television,1.0
1_E_59.jpg,pcb,1.0
1_E_60.jpg,pcb,1.0
1_E_61.jpg,Keyboard,0.6666666666666666
1_E_62.png,pcb,1.0
1_E_63.png,Television,0.8666666666666667
1_E_64.jpg,pcb,0.9333333333333332
1_E_65.jpg,Television,1.0
1_E_66.jpg,Television,0.6666666666666666
1_E_67.jpg,Television,0.4666666666666667
1_E_68.jpg,pcb,0.9333333333333332
1_E_69.jpg,pcb,0.4666666666666667
1_E_70.jpeg,Television,0.3333333333333333
1_E_71.jpg,Printer,0.9333333333333332
1_E_72.jpg,pcb,1.0
1_E_73.jpg,Printer,0.7333333333333333
1_E_74.jpg,pcb,0.6
1_E_75.jpg,pcb,1.0
1_E_76.jpg,Television,1.0
1_E_77.jpg,pcb,1.0
1_E_78.jpg,pcb,0.8666666666666667
1_E_79.jpg,Mobile,1.0
1_E_80.jpg,Printer,1.0
1_E_81.jpeg,pcb,1.0
1_E_83.png,Mouse,0.5333333333333333
1_E_84.jpeg,Television,1.0
1_E_86.jpeg,Keyboard,1.0
1_E_87.jpg,pcb,1.0
1_E_88.jpg,Television,1.0
1_E_89.jpg,pcb,0.6666666666666666
1_E_90.jpg,pcb,0.6666666666666666
1_E_91.jpg,pcb,0.4666666666666667
1_E_92.jpg,battery,0.7333333333333333
1_E_93.jpg,pcb,0.4
1_E_94.png,pcb,1.0
1_E_95.jpg,Television,1.0
1_E_96.jpg,Keyboard,1.0
1_E_97.jpg,pcb,1.0
1_E_98.jpg,Television,0.9333333333333332
1_E_99.jpeg,Keyboard,1.0
1_E_100.jpg,pcb,1.0
1_E_101.jpg,battery,0.6666666666666666
1_E_102.jpg,Mobile,1.0
1_E_103.jpg,Television,0.6
1_E_104.jpg,Keyboard,1.0
1_E_105.jpg,pcb,0.6
1_E_106.jpg,pcb,1.0
1_E_107.jpg,pcb,1.0
1_E_108.png,pcb,1.0
1_E_109.jpg,pcb,0.9333333333333332
1_E_110.png,Keyboard,0.8666666666666667
1_E_111.png,Printer,0.7333333333333333
1_E_112.jpeg,Washing_Machine,1.0
1_E_113.jpg,pcb,1.0
1_E_114.jpg,pcb,0.6666666666666666
1_E_115.jpg,Mobile,1.0
1_E_116.jpg,pcb,0.6666666666666666
1_E_117.jpg,Television,1.0
1_E_118.jpg,pcb,0.5333333333333333
1_E_119.jpg,Television,0.5333333333333333
1_E_120.jpeg,Keyboard,1.0
1_E_121.jpg,Mobile,1.0
1_E_122.jpg,Keyboard,0.4666666666666667
1_E_123.jpg,pcb,0.4
1_E_124.jpg,pcb,0.4666666666666667
1_E_125.jpeg,Mobile,0.2666666666666666
1_E_126.jpeg,Mobile,0.6666666666666666
1_E_127.jpg,Mobile,0.6
1_E_128.jpg,Keyboard,0.9333333333333332
1_E_129.jpg,Keyboard,0.7333333333333333
1_E_130.jpg,Keyboard,0.4666666666666667
1_E_131.jpg,Printer,0.2666666666666666
1_E_132.jpg,Player,0.6666666666666666
1_E_133.jpg,battery,0.6
1_E_134.jpg,pcb,0.8666666666666667
1_E_135.jpg,Television,0.8666666666666667
1_E_136.jpg,Mobile,0.3333333333333333
1_E_137.jpg,Mobile,0.8666666666666667
1_E_138.jpg,pcb,0.8
1_E_139.png,pcb,0.6
1_E_140.jpg,Printer,0.6
1_E_141.jpg,pcb,1.0
1_E_142.jpg,battery,0.6
1_E_143.jpg,Television,1.0
1_E_144.jpg,Television,0.7333333333333333
1_E_145.jpg,pcb,1.0
1_E_146.jpg,Mobile,0.5333333333333333
1_E_147.jpg,pcb,0.9333333333333332
1_E_148.jpg,Player,0.8666666666666667
1_E_149.jpeg,Keyboard,1.0
1_E_150.jpeg,pcb,1.0
1_E_151.jpg,pcb,1.0
1_E_152.jpg,Television,1.0
1_E_153.jpg,Keyboard,0.8666666666666667
1_E_154.png,pcb,0.9333333333333332
1_E_155.jpg,Washing_Machine,1.0
1_E_156.jpg,pcb,0.8666666666666667
1_E_157.jpg,battery,0.7333333333333333
1_E_158.jpg,Player,0.6
1_E_159.jpg,battery,0.4666666666666667
1_E_160.jpg,Mobile,0.5333333333333333
1_E_161.jpeg,Keyboard,0.9333333333333332
1_E_162.jpg,Mobile,0.8
1_E_163.jpeg,Keyboard,0.7333333333333333
1_E_164.jpg,Keyboard,0.9333333333333332
1_E_165.jpeg,Keyboard,0.6666666666666666
1_E_166.jpg,Keyboard,0.8
1_E_167.jpg,Mobile,0.4666666666666667
1_E_168.jpg,pcb,1.0
1_E_169.jpg,pcb,0.8666666666666667
1_E_170.jpg,Mobile,1.0
1_E_171.png,pcb,0.8
1_E_172.jpg,Television,0.6666666666666666
1_E_173.jpg,Keyboard,0.8
1_E_174.jpg,Television,1.0
1_E_176.png,pcb,1.0
1_E_177.jpg,pcb,1.0
1_E_178.jpg,pcb,0.6666666666666666
1_E_179.jpeg,Keyboard,0.8
1_E_180.jpg,pcb,0.8
1_E_181.jpg,Mobile,0.5333333333333333
1_E_182.jpg,pcb,0.9333333333333332
1_E_184.jpg,pcb,1.0
1_E_185.jpg,Television,0.6
1_E_186.jpg,pcb,0.4
1_E_187.jpg,Printer,0.5333333333333333
1_E_188.jpg,Television,0.6
1_E_189.jpg,Television,1.0
1_E_190.jpg,Keyboard,0.9333333333333332
1_E_191.jpg,Television,0.4666666666666667
1_E_192.jpeg,Keyboard,1.0
1_E_193.jpg,Keyboard,0.4666666666666667
1_E_194.jpeg,Television,0.8666666666666667
1_E_195.jpg,Keyboard,0.6666666666666666
1_E_196.jpeg,Television,0.4666666666666667
1_E_197.jpg,Keyboard,0.8666666666666667
1_E_198.jpeg,Keyboard,0.8
1_E_199.jpg,Keyboard,0.6
1_E_200.jpeg,Keyboard,1.0
1_E_201.jpg,Mobile,0.4
1_E_202.jpg,pcb,0.7333333333333333
1_E_203.jpg,pcb,0.7333333333333333
1_E_204.jpg,pcb,0.9333333333333332
1_E_205.jpg,pcb,1.0
1_E_206.jpg,pcb,0.8
1_E_207.png,pcb,0.9333333333333332
1_E_208.jpg,Printer,0.6
1_E_209.jpg,pcb,1.0
1_E_210.jpg,pcb,1.0
1_E_211.jpg,Mobile,0.6666666666666666
1_E_212.jpg,Television,1.0
1_E_213.jpg,Player,0.4666666666666667
1_E_214.jpg,pcb,0.8
1_E_215.jpeg,Keyboard,1.0
1_E_216.png,Television,0.4
1_E_217.jpg,Television,1.0
1_E_218.jpg,pcb,0.6
1_E_219.jpeg,Television,1.0
1_E_220.jpg,pcb,1.0
1_E_221.jpg,battery,0.4666666666666667
1_E_222.jpg,pcb,0.8
1_E_223.jpg,Keyboard,1.0
1_E_224.jpg,pcb,1.0
1_E_225.jpg,pcb,1.0
1_E_226.jpg,Television,1.0
1_E_227.jpg,Mobile,0.3333333333333333
1_E_228.jpeg,Keyboard,1.0
1_E_229.jpeg,Keyboard,1.0
1_E_230.jpeg,Keyboard,0.8666666666666667
1_E_231.jpeg,Mobile,0.6
1_E_232.jpeg,Keyboard,0.7333333333333333
1_E_233.jpeg,Mobile,0.9333333333333332
1_E_234.jpeg,Keyboard,0.8666666666666667
1_E_235.jpeg,Mobile,0.8666666666666667
1_E_236.jpeg,Keyboard,0.6666666666666666
1_E_237.jpeg,Mobile,0.2666666666666666
1_E_238.jpg,pcb,0.7333333333333333
1_E_239.jpg,pcb,1.0
1_E_241.jpeg,Keyboard,1.0
1_E_242.jpg,pcb,0.5333333333333333
1_E_243.png,battery,0.4
1_E_244.jpg,Keyboard,0.4666666666666667
1_E_245.jpg,pcb,1.0
1_E_246.jpg,Keyboard,1.0
1_E_247.jpg,Mobile,0.3333333333333333
1_E_248.jpg,Television,0.4
1_E_249.jpeg,Keyboard,0.9333333333333332
1_E_250.jpeg,Mobile,0.4
1_E_251.jpeg,Keyboard,0.7333333333333333
1_E_252.jpeg,Keyboard,0.4666666666666667
1_E_253.jpeg,Keyboard,0.7333333333333333
1_E_254.jpeg,Keyboard,1.0
1_E_255.jpeg,Keyboard,0.8666666666666667
1_E_256.jpeg,Television,0.9333333333333332
1_E_257.jpeg,Television,0.7333333333333333
1_E_258.jpeg,Keyboard,1.0
1_E_259.jpg,Television,0.6
1_E_260.jpg,Television,0.8
1_E_261.jpg,pcb,1.0
1_E_262.jpg,Television,0.8666666666666667
1_E_263.jpg,Television,1.0
1_E_264.jpg,Printer,0.6
1_E_265.jpg,pcb,1.0
1_E_266.jpg,pcb,0.6
1_E_267.jpg,pcb,0.5333333333333333
1_E_268.jpg,Printer,0.9333333333333332
1_E_269.jpg,Television,0.8666666666666667
1_E_270.jpg,Television,1.0
1_E_271.jpg,Television,0.7333333333333333
1_E_272.jpg,pcb,1.0
1_E_273.jpg,pcb,0.5333333333333333
1_E_274.jpg,pcb,1.0
1_E_275.jpeg,Keyboard,1.0
1_E_276.jpg,Washing_Machine,0.4
1_E_277.jpg,Printer,0.8666666666666667
1_E_278.png,Television,0.8
1_E_279.jpg,Printer,0.4
1_E_280.jpg,Mobile,0.8666666666666667
1_E_281.jpg,Television,1.0
1_E_282.jpg,pcb,1.0
1_E_283.jpg,pcb,1.0
1_E_284.jpg,pcb,1.0
1_E_285.jpg,pcb,1.0
1_E_286.jpeg,Printer,0.4
1_E_287.jpeg,Keyboard,1.0
1_E_288.jpg,pcb,1.0
1_E_289.jpg,Television,0.9333333333333332
1_E_290.jpg,Television,1.0
1_E_292.jpeg,Keyboard,0.6666666666666666
1_E_293.jpeg,Keyboard,0.6
1_E_294.jpeg,Keyboard,0.8
1_E_295.jpeg,Television,0.9333333333333332
1_E_296.jpeg,Keyboard,1.0
1_E_297.jpeg,Keyboard,0.8
1_E_298.jpeg,Mobile,0.7333333333333333
1_E_299.jpeg,Keyboard,0.6666666666666666
1_E_300.jpeg,Keyboard,1.0
1_E_301.png,Mobile,0.5333333333333333
1_E_302.jpg,pcb,1.0
1_E_303.jpeg,Keyboard,0.9333333333333332
1_E_304.jpg,pcb,1.0
1_E_305.jpg,pcb,0.8
1_E_306.jpg,Keyboard,0.8
1_E_307.jpg,Mobile,0.6666666666666666
1_E_308.jpeg,Keyboard,0.9333333333333332
1_E_309.jpeg,Keyboard,0.6666666666666666
1_E_310.jpeg,Keyboard,0.8666666666666667
1_E_311.jpeg,Keyboard,0.8666666666666667
1_E_312.jpeg,Mobile,0.8
1_E_313.jpeg,Keyboard,0.8
1_E_314.jpeg,Keyboard,0.9333333333333332
1_E_315.jpg,Television,1.0
1_E_316.jpg,pcb,1.0
1_E_317.jpg,Mobile,1.0
1_E_318.jpg,pcb,0.8666666666666667
1_E_319.jpg,battery,0.8
1_E_320.png,Television,0.6666666666666666
1_E_321.jpeg,Keyboard,1.0
1_E_322.jpg,Mobile,0.4666666666666667
1_E_323.jpg,Television,1.0
1_E_324.jpeg,Television,0.8666666666666667
1_E_325.jpeg,Keyboard,0.9333333333333332
1_E_326.jpeg,Mobile,0.8
1_E_327.jpeg,Keyboard,0.7333333333333333
1_E_328.jpeg,Keyboard,1.0
1_E_329.jpeg,Television,0.8
1_E_330.jpeg,Keyboard,0.9333333333333332
1_E_331.jpeg,Keyboard,0.5333333333333333
1_E_332.jpeg,Mobile,0.6666666666666666
1_E_333.jpg,Television,1.0
1_E_334.jpg,Television,1.0
1_E_335.jpg,pcb,0.9333333333333332
1_E_336.jpg,pcb,1.0
1_E_337.jpg,pcb,0.4666666666666667
1_E_338.jpg,Washing_Machine,0.6666666666666666
1_E_339.jpg,Television,0.8666666666666667
1_E_340.jpg,pcb,0.5333333333333333
1_E_341.jpeg,Keyboard,1.0
1_E_342.jpg,Mobile,0.8
1_E_343.jpg,Keyboard,1.0
1_E_344.jpg,Printer,0.6666666666666666
1_E_345.jpg,Television,1.0
1_E_346.png,pcb,1.0
1_E_347.jpg,pcb,0.9333333333333332
1_E_348.jpeg,Mobile,0.5333333333333333
1_E_349.jpeg,Keyboard,1.0
1_E_350.jpeg,Mobile,1.0
1_E_351.jpeg,Keyboard,1.0
1_E_352.jpg,Mobile,0.9333333333333332
1_E_353.jpg,Television,0.6
1_E_354.jpg,Mobile,1.0
1_E_355.jpg,Mobile,0.9333333333333332
1_E_356.jpg,Mobile,0.8
1_E_357.jpg,Mobile,0.7333333333333333
1_E_358.jpg,Television,1.0
1_E_359.jpg,pcb,1.0
1_E_360.jpg,Television,0.7333333333333333
1_E_361.jpg,Keyboard,0.8666666666666667
1_E_362.jpg,Television,1.0
1_E_363.jpg,pcb,0.4666666666666667
1_E_364.jpeg,Keyboard,1.0
1_E_365.jpg,Television,1.0
1_E_366.jpg,Television,0.9333333333333332
1_E_367.jpeg,Keyboard,0.8
1_E_368.jpeg,Keyboard,0.8666666666666667
1_E_369.jpeg,Keyboard,1.0
1_E_370.jpeg,Keyboard,0.8666666666666667
1_E_371.jpeg,Keyboard,0.9333333333333332
1_E_372.jpeg,Keyboard,0.8666666666666667
1_E_373.jpeg,Keyboard,0.6666666666666666
1_E_374.jpeg,Keyboard,0.9333333333333332
1_E_375.jpeg,Mobile,0.6666666666666666
1_E_376.jpeg,Keyboard,0.7333333333333333
1_E_377.jpg,Television,1.0
1_E_378.jpg,battery,0.9333333333333332
1_E_379.jpg,Television,0.9333333333333332
1_E_380.jpg,pcb,0.9333333333333332
1_E_381.jpg,Mobile,0.8
1_E_382.jpeg,Keyboard,1.0
1_E_383.jpeg,Keyboard,1.0
1_E_384.jpeg,battery,0.4666666666666667
1_E_385.jpeg,Keyboard,1.0
1_E_386.jpeg,Keyboard,0.6666666666666666
1_E_387.jpeg,Mobile,0.6
1_E_389.jpeg,Keyboard,1.0
1_E_390.jpeg,Keyboard,1.0
1_E_391.jpeg,Keyboard,0.4666666666666667
1_E_392.jpeg,Keyboard,1.0
1_E_394.jpeg,Keyboard,1.0
1_E_395.jpeg,Keyboard,1.0
1_E_396.jpg,Mobile,0.4666666666666667
1_E_397.jpg,pcb,1.0
1_E_398.jpg,pcb,1.0
1_E_399.jpg,Mobile,1.0
1_E_400.jpeg,Keyboard,1.0
1_E_401.jpg,Printer,0.5333333333333333
1_E_402.jpeg,Television,0.9333333333333332
1_E_403.jpg,Printer,0.3333333333333333
1_E_404.jpg,pcb,0.9333333333333332
1_E_405.jpg,Mobile,0.7333333333333333
1_E_406.jpg,Player,1.0
1_E_407.jpeg,Keyboard,1.0
1_E_408.jpeg,Mouse,1.0
1_E_409.jpeg,Keyboard,0.6
1_E_410.jpeg,Television,0.9333333333333332
1_E_411.jpeg,Mobile,0.8666666666666667
1_E_412.jpg,Keyboard,1.0
1_E_413.jpg,Keyboard,0.9333333333333332
1_E_414.jpg,Keyboard,1.0
1_E_415.jpeg,Keyboard,1.0
1_E_416.jpeg,Keyboard,1.0
1_E_417.jpeg,Keyboard,1.0
1_E_418.jpeg,Keyboard,1.0
1_E_419.jpeg,Television,0.6666666666666666
1_E_420.jpeg,Keyboard,1.0
1_E_421.jpeg,Television,0.8666666666666667
1_E_422.jpeg,Keyboard,1.0
1_E_423.jpeg,Television,0.8
1_E_424.jpeg,Television,0.8
1_E_425.jpeg,Television,1.0
1_E_426.jpeg,Keyboard,1.0
1_E_427.jpeg,Keyboard,1.0
1_E_428.jpeg,Television,0.9333333333333332
1_E_429.jpeg,Television,0.9333333333333332
1_E_430.jpeg,Television,0.9333333333333332
1_E_431.jpeg,Television,0.9333333333333332
1_E_432.jpeg,Keyboard,0.9333333333333332
1_E_433.jpeg,Television,0.9333333333333332
1_E_434.jpeg,Television,0.6666666666666666
1_E_435.jpeg,Keyboard,1.0
1_E_436.jpeg,Television,0.6666666666666666
1_E_437.jpeg,Keyboard,0.8666666666666667
1_E_438.jpeg,Keyboard,1.0
1_E_439.jpeg,Keyboard,1.0
1_E_440.jpeg,Keyboard,0.8666666666666667
1_E_441.jpeg,Keyboard,1.0
1_E_442.jpeg,Television,0.9333333333333332
1_E_443.jpeg,Television,0.8666666666666667
1_E_444.jpeg,Keyboard,1.0
1_E_445.jpeg,Television,0.7333333333333333
1_E_446.jpeg,Keyboard,0.5333333333333333
1_E_447.jpeg,Keyboard,0.5333333333333333
1_E_448.jpeg,Television,0.5333333333333333
1_E_449.png,Television,0.9333333333333332
1_E_450.jpeg,Keyboard,1.0
1_E_451.jpeg,Keyboard,1.0
1_E_452.jpeg,Television,0.7333333333333333
1_E_453.jpeg,Keyboard,0.8
1_E_454.jpeg,Television,0.8
1_E_455.jpeg,Keyboard,0.8666666666666667
1_E_456.jpeg,Keyboard,0.8666666666666667
1_E_457.jpeg,Keyboard,0.9333333333333332
1_E_458.jpg,Printer,0.5333333333333333
1_E_459.jpg,pcb,0.4666666666666667
1_E_460.jpg,Printer,1.0
1_E_461.png,pcb,0.6666666666666666
1_E_462.jpeg,Keyboard,1.0
1_E_464.jpg,Television,1.0
1_E_465.jpg,Television,0.9333333333333332
1_E_466.jpg,Television,0.8666666666666667
1_E_467.jpg,Washing_Machine,1.0
1_E_468.jpg,Television,0.6666666666666666
1_E_469.jpg,Mobile,1.0
1_E_470.jpg,Printer,0.8666666666666667
1_E_471.jpg,Television,0.4
1_E_472.jpg,Television,0.6666666666666666
1_E_473.jpeg,Mobile,1.0
1_E_474.jpg,battery,0.4
1_E_475.png,Printer,0.2666666666666666
1_E_476.jpg,Television,0.8
1_E_477.jpeg,Television,1.0
1_E_478.jpg,Washing_Machine,1.0
1_E_479.jpg,Mobile,0.4
1_E_480.jpeg,Television,1.0
1_E_481.jpg,pcb,1.0
1_E_482.jpeg,Keyboard,1.0
1_E_483.jpg,pcb,1.0
1_E_484.jpg,pcb,0.9333333333333332
1_E_485.jpg,pcb,1.0
1_E_486.jpg,pcb,1.0
1_E_487.jpeg,pcb,0.8666666666666667
1_E_488.jpg,Mobile,0.5333333333333333
1_E_489.jpg,pcb,1.0
1_E_490.jpg,pcb,0.6
1_E_491.jpg,pcb,1.0
1_E_492.jpg,pcb,1.0
1_E_493.jpg,Television,0.9333333333333332
1_E_494.jpg,Mobile,0.4
1_E_495.jpg,Television,1.0
1_E_496.jpg,Mobile,0.8666666666666667
1_E_497.jpg,Television,1.0
1_E_498.jpeg,pcb,1.0
1_E_499.jpg,Mouse,0.5333333333333333
1_E_500.jpg,pcb,1.0
1_E_502.jpeg,Mobile,1.0
1_E_503.jpeg,Mobile,1.0
1_E_504.jpeg,Mobile,1.0
1_E_505.jpeg,Mobile,1.0
1_E_506.jpeg,Mobile,1.0
1_E_507.jpeg,Mobile,1.0
1_E_508.jpeg,Mobile,1.0
1_E_509.jpeg,Mobile,1.0
1_E_510.jpeg,Mobile,1.0
1_E_511.jpeg,Mobile,1.0
1_E_512.jpeg,Mobile,1.0
1_E_513.jpeg,Mobile,1.0
1_E_514.jpeg,Mobile,1.0
1_E_515.jpeg,Mobile,1.0
1_E_516.jpeg,Mobile,1.0
1_E_517.jpeg,Mobile,1.0
1_E_518.jpeg,Mobile,1.0
1_E_519.jpeg,Mobile,1.0
1_E_520.png,Mobile,1.0
1_E_521.jpeg,Mobile,1.0
1_E_522.jpeg,Mobile,1.0
1_E_523.jpeg,Mobile,1.0
1_E_524.jpg,Mobile,1.0
1_E_525.jpg,Mobile,1.0
1_E_526.jpg,Mobile,1.0
1_E_527.jpg,Mobile,1.0
1_E_528.jpg,Mobile,1.0
1_E_529.jpg,Mobile,1.0
1_E_530.jpg,Mobile,1.0
1_E_531.jpg,pcb,0.6666666666666666
1_E_532.jpg,Mobile,1.0
1_E_533.jpg,Mobile,0.9333333333333332
1_E_534.jpg,Mobile,1.0
1_E_535.jpg,Mobile,1.0
1_E_536.jpg,Mobile,1.0
1_E_537.jpg,battery,0.6
1_E_538.jpg,Mobile,1.0
1_E_539.jpeg,Mobile,0.9333333333333332
1_E_540.jpeg,Mobile,1.0
1_E_541.jpeg,Mobile,1.0
1_E_542.jpeg,Mobile,1.0
1_E_543.jpeg,Mobile,1.0
1_E_544.jpeg,Mobile,1.0
1_E_545.jpeg,Keyboard,0.8666666666666667
1_E_546.jpeg,Keyboard,0.9333333333333332
1_E_547.jpeg,Mobile,1.0
1_E_548.jpeg,Mobile,1.0
1_E_549.jpeg,Mobile,1.0
1_E_550.jpeg,Mobile,1.0
1_E_551.jpeg,Mobile,1.0
1_E_552.jpeg,Mobile,0.8666666666666667
1_E_553.jpeg,Television,0.9333333333333332
1_E_554.jpg,Television,1.0
1_E_556.jpg,pcb,1.0
1_E_557.png,Television,0.4666666666666667
1_E_558.jpg,pcb,0.9333333333333332
1_E_559.jpg,Keyboard,0.8666666666666667
1_E_560.jpg,Keyboard,0.3333333333333333
1_E_561.jpg,pcb,1.0
1_E_562.jpg,Mobile,0.4666666666666667
1_E_563.jpg,pcb,0.8666666666666667
1_E_564.jpg,pcb,0.8666666666666667
1_E_565.jpg,Keyboard,1.0
1_E_566.jpg,pcb,1.0
1_E_567.jpg,pcb,1.0
1_E_569.jpg,Television,1.0
1_E_570.jpg,battery,0.6
1_E_571.jpg,Television,0.5333333333333333
1_E_572.jpg,Television,0.9333333333333332
1_E_573.jpeg,Mobile,1.0
1_E_574.jpeg,Television,0.7333333333333333
1_E_575.jpeg,Mobile,1.0
1_E_576.jpeg,Mobile,0.9333333333333332
1_E_577.jpeg,Mobile,1.0
1_E_578.jpeg,Mobile,1.0
1_E_579.jpeg,Mobile,1.0
1_E_581.jpeg,Mobile,1.0
1_E_582.jpeg,Mobile,1.0
1_E_583.jpeg,Mobile,1.0
1_E_584.jpeg,Mobile,1.0
1_E_585.jpeg,Mobile,1.0
1_E_586.jpg,Mobile,1.0
1_E_587.jpg,Mobile,1.0
1_E_588.jpg,Mobile,0.7333333333333333
1_E_589.jpg,Mobile,1.0
1_E_590.jpg,Mobile,0.9333333333333332
1_E_591.jpg,Mobile,1.0
1_E_592.jpeg,Mobile,1.0
1_E_593.jpeg,Mobile,1.0
1_E_594.jpeg,Mobile,1.0
1_E_595.jpeg,Mobile,1.0
1_E_596.jpg,Television,0.9333333333333332
1_E_597.jpeg,Mobile,1.0
1_E_598.jpeg,Mobile,0.9333333333333332
1_E_599.jpeg,Mobile,1.0
1_E_600.jpeg,Mobile,0.9333333333333332
1_E_601.jpeg,Mobile,1.0
1_E_602.jpeg,Mobile,1.0
1_E_603.jpeg,Mobile,1.0
1_E_604.jpeg,Mobile,1.0
1_E_605.jpeg,battery,0.6
1_E_606.jpeg,Mobile,1.0
1_E_607.jpeg,Mobile,1.0
1_E_608.jpeg,Mobile,1.0
1_E_609.jpeg,Mobile,1.0
1_E_610.jpeg,Mobile,1.0
1_E_611.jpeg,Mobile,1.0
1_E_612.jpeg,Mobile,1.0
1_E_613.jpeg,Mobile,1.0
1_E_614.jpeg,Mobile,1.0
1_E_615.jpeg,Mobile,0.9333333333333332
1_E_616.jpeg,Mobile,1.0
1_E_617.jpeg,Mobile,1.0
1_E_618.jpeg,Mobile,1.0
1_E_619.jpeg,Mobile,1.0
1_E_620.jpeg,Mobile,1.0
1_E_621.jpeg,Mobile,1.0
1_E_622.jpeg,Mobile,1.0
1_E_623.jpg,Mobile,1.0
1_E_624.jpg,Mobile,1.0
1_E_625.jpg,Mobile,1.0
1_E_626.jpg,Mobile,1.0
1_E_627.jpg,Mobile,0.8666666666666667
1_E_628.jpg,Mobile,0.9333333333333332
1_E_629.jpg,Mobile,1.0
1_E_630.jpg,Mobile,1.0
1_E_631.jpg,Mobile,1.0
1_E_632.jpg,Mobile,1.0
1_E_633.jpg,Mobile,1.0
1_E_634.jpg,Mobile,0.5333333333333333
1_E_635.jpg,Mobile,0.8
1_E_636.jpg,Mobile,0.8
1_E_637.jpg,Mobile,0.8
1_E_638.jpg,Mobile,1.0
1_E_639.jpg,Mobile,1.0
1_E_640.jpg,Mobile,1.0
1_E_641.jpg,Mobile,1.0
1_E_642.jpg,Mobile,0.8
1_E_643.jpg,Mobile,0.7333333333333333
1_E_644.jpg,Mobile,1.0
1_E_645.jpg,Mobile,1.0
1_E_646.jpg,Mobile,1.0
1_E_647.jpeg,Mobile,1.0
1_E_648.jpeg,Mobile,1.0
1_E_649.jpeg,Mobile,1.0
1_E_650.jpg,Keyboard,0.5333333333333333
1_E_651.jpeg,Mobile,0.9333333333333332
1_E_652.jpeg,Mobile,1.0
1_E_653.jpeg,Mobile,1.0
1_E_654.jpg,pcb,0.4
1_E_655.jpeg,Mobile,1.0
1_E_656.jpeg,Mobile,1.0
1_E_657.jpeg,Mobile,1.0
1_E_658.jpeg,Mobile,1.0
1_E_659.jpeg,Mobile,1.0
1_E_660.jpeg,Mobile,1.0
1_E_661.jpeg,Mobile,1.0
1_E_662.jpeg,Mobile,1.0
1_E_663.jpeg,Mobile,1.0
1_E_664.jpeg,Mobile,1.0
1_E_665.jpg,Printer,0.4
1_E_666.jpg,Television,1.0
1_E_667.jpeg,Washing_Machine,0.5333333333333333
1_E_668.jpg,pcb,0.5333333333333333
1_E_669.jpg,pcb,0.9333333333333332
1_E_670.jpeg,Mobile,1.0
1_E_671.jpeg,Mobile,1.0
1_E_672.jpeg,Mobile,1.0
1_E_673.jpeg,Mobile,1.0
1_E_674.jpeg,Mobile,1.0
1_E_675.jpeg,Mobile,1.0
1_E_676.jpeg,Mobile,1.0
1_E_677.jpeg,Television,0.9333333333333332
1_E_678.jpeg,Mobile,1.0
1_E_679.jpeg,Mobile,1.0
1_E_680.jpeg,Mobile,1.0
1_E_681.jpg,Mobile,1.0
1_E_683.jpg,Keyboard,0.7333333333333333
1_E_684.jpg,pcb,0.4666666666666667
1_E_685.jpeg,Television,0.6
1_E_686.jpg,pcb,1.0
1_E_687.jpeg,Washing_Machine,1.0
1_E_688.jpg,Television,0.8666666666666667
1_E_689.jpg,Television,1.0
1_E_690.jpg,pcb,0.9333333333333332
1_E_691.jpg,battery,0.4
1_E_692.jpg,Mobile,0.4
1_E_693.jpeg,Mobile,1.0
1_E_695.jpeg,Keyboard,1.0
1_E_696.jpg,Television,1.0
1_E_697.jpeg,Television,1.0
1_E_698.jpg,pcb,0.9333333333333332
1_E_699.jpg,Television,1.0
1_E_700.jpeg,pcb,0.4
1_E_701.jpg,pcb,1.0
1_E_702.jpg,pcb,0.7333333333333333
1_E_703.jpg,Television,0.4
1_E_704.jpg,pcb,1.0
1_E_705.jpeg,Mobile,1.0
1_E_706.jpeg,Mobile,1.0
1_E_707.jpeg,Mobile,1.0
1_E_708.jpeg,Mobile,1.0
1_E_709.jpeg,Television,0.9333333333333332
1_E_710.jpeg,Television,0.8666666666666667
1_E_711.jpeg,Television,1.0
1_E_712.jpeg,Television,1.0
1_E_713.jpeg,Television,0.9333333333333332
1_E_714.jpeg,Television,0.8666666666666667
1_E_715.jpg,pcb,1.0
1_E_716.jpeg,Television,0.6
1_E_717.jpg,pcb,1.0
1_E_718.jpg,Television,1.0
1_E_719.jpg,Television,1.0
1_E_720.jpeg,Television,0.8666666666666667
1_E_721.jpeg,Television,0.9333333333333332
1_E_722.jpg,pcb,1.0
1_E_723.jpeg,Mobile,0.6666666666666666
1_E_724.jpeg,Television,0.8666666666666667
1_E_725.jpg,Television,1.0
1_E_726.jpg,Television,1.0
1_E_727.jpeg,Television,1.0
1_E_728.jpeg,Keyboard,1.0
1_E_729.jpeg,Television,1.0
1_E_730.jpeg,Television,1.0
1_E_731.jpg,pcb,1.0
1_E_732.jpeg,Television,1.0
1_E_733.jpeg,Television,1.0
1_E_734.jpeg,Television,0.9333333333333332
1_E_735.jpeg,Television,1.0
1_E_736.jpeg,Television,1.0
1_E_737.jpeg,Television,0.9333333333333332
1_E_738.jpeg,Television,1.0
1_E_739.jpeg,Television,0.9333333333333332
1_E_741.jpeg,Television,0.9333333333333332
1_E_743.jpeg,Television,0.9333333333333332
1_E_744.jpeg,Television,0.8666666666666667
1_E_745.jpg,pcb,0.9333333333333332
1_E_746.png,Mobile,0.8
1_E_747.jpg,pcb,1.0
1_E_748.jpg,pcb,1.0
1_E_749.jpg,Printer,1.0
1_E_750.jpg,Television,0.5333333333333333
1_E_751.jpg,Mobile,0.6
1_E_752.jpg,Television,1.0
1_E_753.jpg,Television,0.8666666666666667
1_E_754.jpeg,Television,0.9333333333333332
1_E_756.jpeg,Television,1.0
1_E_757.jpeg,Television,1.0
1_E_758.jpeg,Television,1.0
1_E_759.jpeg,Television,0.9333333333333332
1_E_760.jpeg,Television,0.9333333333333332
1_E_762.jpeg,Television,0.9333333333333332
1_E_763.jpeg,Washing_Machine,0.5333333333333333
1_E_764.jpg,Mobile,1.0
1_E_765.jpeg,Television,0.8666666666666667
1_E_766.jpg,Mobile,0.5333333333333333
1_E_767.jpg,Television,0.8
1_E_768.png,Television,1.0
1_E_769.jpg,Television,0.4666666666666667
1_E_770.jpg,Mobile,0.4666666666666667
1_E_771.jpg,pcb,0.6666666666666666
1_E_772.jpg,pcb,0.8
1_E_773.jpg,Television,0.9333333333333332
1_E_774.jpg,Mobile,1.0
1_E_775.jpeg,Mobile,0.4
1_E_776.png,Printer,0.4666666666666667
1_E_777.jpg,pcb,1.0
1_E_778.jpg,pcb,1.0
1_E_779.jpeg,Television,1.0
1_E_780.jpg,Mobile,0.9333333333333332
1_E_781.jpg,Television,1.0
1_E_782.jpg,pcb,0.9333333333333332
1_E_783.jpeg,pcb,1.0
1_E_784.png,Mobile,1.0
1_E_785.jpg,pcb,0.9333333333333332
1_E_786.png,pcb,1.0
1_E_787.jpg,Printer,0.4666666666666667
1_E_788.jpg,Keyboard,0.5333333333333333
1_E_789.jpg,Television,1.0
1_E_790.png,Keyboard,1.0
1_E_791.jpeg,Mouse,0.5333333333333333
1_E_792.jpg,Printer,0.5333333333333333
1_E_793.jpg,pcb,1.0
1_E_794.jpg,pcb,1.0
1_E_795.jpg,pcb,1.0
1_E_796.jpg,Television,1.0
1_E_797.jpg,Television,1.0
1_E_798.jpg,pcb,0.5333333333333333
1_E_799.jpg,pcb,1.0
1_E_800.jpg,pcb,0.9333333333333332
1_E_801.jpg,Printer,0.7333333333333333
1_E_802.jpg,Television,1.0
1_E_803.png,Keyboard,0.5333333333333333
1_E_804.jpg,Printer,1.0
1_E_805.jpg,pcb,0.4666666666666667
1_E_806.jpg,pcb,1.0
1_E_807.png,pcb,0.9333333333333332
1_E_808.jpg,pcb,1.0
1_E_809.jpg,pcb,0.7333333333333333
1_E_810.jpg,pcb,0.9333333333333332
1_E_811.jpg,pcb,1.0
1_E_812.jpg,Television,1.0
1_E_813.jpg,pcb,1.0
1_E_814.jpg,Mobile,1.0
1_E_815.jpg,pcb,0.4
1_E_816.png,pcb,0.6666666666666666
1_E_817.jpg,Mobile,1.0
1_E_818.jpg,battery,0.7333333333333333
1_E_819.jpeg,pcb,0.8666666666666667
1_E_820.jpg,Mobile,0.8666666666666667
1_E_821.jpg,Television,0.6666666666666666
1_E_822.jpg,Mobile,1.0
1_E_823.jpg,Keyboard,0.9333333333333332
1_E_824.png,Mobile,0.4
1_E_825.jpg,Printer,0.4666666666666667
1_E_826.jpg,pcb,0.5333333333333333
1_E_827.png,Printer,0.6666666666666666
1_E_828.jpg,pcb,1.0
1_E_829.jpg,pcb,1.0
1_E_830.jpg,Washing_Machine,0.7333333333333333
1_E_831.jpg,Printer,0.4666666666666667
1_E_832.jpeg,pcb,1.0
1_E_833.jpg,Television,0.4666666666666667
1_E_834.png,pcb,0.9333333333333332
1_E_835.jpg,pcb,1.0
1_E_836.jpg,Printer,0.5333333333333333
1_E_837.jpg,Mobile,1.0
1_E_838.jpg,Player,0.3333333333333333
1_E_839.jpg,Mobile,0.4
1_E_840.jpg,Mobile,0.8
1_E_841.jpg,Television,0.9333333333333332
1_E_843.jpg,Mobile,0.4666666666666667
1_E_844.jpg,Television,1.0
1_E_845.jpg,Television,1.0
1_E_846.jpeg,Keyboard,1.0
1_E_847.jpg,Printer,0.9333333333333332
1_E_848.jpg,Keyboard,0.5333333333333333
1_E_849.jpg,Mobile,0.6
1_E_850.jpg,Television,0.8
1_E_851.jpg,pcb,1.0
1_E_852.jpg,Player,0.3333333333333333
1_E_853.jpg,Washing_Machine,0.3333333333333333
1_E_854.jpg,Television,1.0
1_E_855.jpg,battery,0.4666666666666667
1_E_856.jpg,pcb,0.7333333333333333
1_E_857.jpeg,Keyboard,0.2666666666666666
1_E_858.jpg,pcb,0.5333333333333333
1_E_859.jpg,pcb,0.8666666666666667
1_E_860.jpg,Keyboard,1.0
1_E_861.jpg,Printer,0.4
1_E_862.jpg,Mobile,0.4
1_E_863.jpg,Printer,0.5333333333333333
1_E_864.jpg,Television,1.0
1_E_865.jpg,pcb,0.7333333333333333
1_E_866.jpg,Mobile,0.3333333333333333
1_E_867.jpeg,pcb,1.0
1_E_868.jpg,pcb,1.0
1_E_869.png,Television,0.9333333333333332
1_E_870.jpg,pcb,1.0
1_E_871.jpg,pcb,1.0
1_E_872.jpg,Television,0.5333333333333333
1_E_873.jpeg,Player,0.4666666666666667
1_E_874.jpeg,Television,0.9333333333333332
1_E_875.jpg,Keyboard,1.0
1_E_876.jpeg,Television,1.0
1_E_877.jpg,Mobile,0.4
1_E_879.jpg,pcb,1.0
1_E_880.jpg,pcb,1.0
1_E_881.jpeg,pcb,1.0
1_E_882.jpg,Television,1.0
1_E_883.jpg,pcb,1.0
1_E_884.jpg,Keyboard,0.8
1_E_885.jpg,pcb,1.0
1_E_886.jpg,Printer,0.8
1_E_887.jpg,pcb,0.7333333333333333
1_E_888.jpg,Keyboard,1.0
1_E_889.png,Mobile,1.0
1_E_890.jpg,pcb,0.4
1_E_891.jpg,pcb,1.0
1_E_892.jpg,Television,1.0
1_E_893.png,Printer,0.6
1_E_894.jpg,pcb,1.0
1_E_895.jpg,pcb,1.0
1_E_896.jpg,pcb,0.6666666666666666
1_E_897.jpg,Television,1.0
1_E_898.jpg,battery,0.4666666666666667
1_E_899.jpg,Keyboard,0.6666666666666666
1_E_900.jpg,Keyboard,0.8666666666666667
1_E_901.jpg,pcb,1.0
1_E_902.jpg,Television,0.9333333333333332
1_E_903.jpeg,Washing_Machine,0.4
1_E_904.jpg,Printer,0.5333333333333333
1_E_905.jpg,Television,0.8666666666666667
1_E_906.jpg,Television,1.0
1_E_907.jpg,Player,0.6
1_E_908.png,Television,1.0
1_E_909.jpeg,Mouse,1.0
1_E_910.jpeg,Mouse,1.0
1_E_911.jpg,Mouse,1.0
1_E_912.jpeg,Mouse,1.0
1_E_913.jpg,Mouse,1.0
1_E_914.jpg,Mouse,1.0
1_E_915.jpg,Mouse,0.9333333333333332
1_E_916.jpg,Mouse,0.5333333333333333
1_E_917.jpg,Mobile,0.3333333333333333
1_E_918.jpg,Mobile,1.0
1_E_919.jpg,pcb,0.8666666666666667
1_E_920.jpg,pcb,0.7333333333333333
1_E_921.jpg,Television,0.6
1_E_922.jpg,Printer,0.5333333333333333
1_E_923.jpg,pcb,0.6
1_E_924.jpg,pcb,0.4666666666666667
1_E_925.jpg,pcb,0.9333333333333332
1_E_926.jpeg,Mouse,1.0
1_E_927.jpeg,Mouse,1.0
1_E_928.jpeg,Mouse,1.0
1_E_929.jpeg,Mouse,1.0
1_E_930.jpeg,Mouse,1.0
1_E_931.jpeg,Mouse,0.7333333333333333
1_E_932.jpeg,Mouse,1.0
1_E_933.jpeg,Mouse,1.0
1_E_934.jpeg,Mouse,1.0
1_E_935.jpg,Mouse,1.0
1_E_936.jpg,pcb,1.0
1_E_937.jpg,Television,1.0
1_E_938.jpeg,Television,1.0
1_E_939.jpg,Television,1.0
1_E_940.jpg,pcb,0.8666666666666667
1_E_941.jpg,Television,1.0
1_E_942.jpg,pcb,0.5333333333333333
1_E_943.jpeg,Mouse,1.0
1_E_944.jpg,Mobile,1.0
1_E_945.jpeg,Mouse,1.0
1_E_946.jpeg,Mouse,1.0
1_E_947.jpeg,Mouse,1.0
1_E_948.jpeg,Mouse,1.0
1_E_949.jpeg,Mouse,1.0
1_E_950.jpeg,Mouse,1.0
1_E_951.jpeg,Mouse,0.8
1_E_952.jpeg,Mouse,1.0
1_E_953.jpeg,Mouse,1.0
1_E_954.jpg,pcb,1.0
1_E_955.jpg,pcb,0.3333333333333333
1_E_956.jpg,Television,1.0
1_E_957.jpg,pcb,1.0
1_E_958.jpeg,pcb,0.3333333333333333
1_E_959.jpg,Mobile,0.7333333333333333
1_E_960.jpeg,Mouse,0.8666666666666667
1_E_961.jpeg,Mouse,1.0
1_E_962.jpeg,Mouse,1.0
1_E_963.jpeg,Mouse,1.0
1_E_964.jpeg,Mouse,1.0
1_E_965.jpeg,Mouse,1.0
1_E_966.jpeg,Mouse,1.0
1_E_967.jpeg,Mouse,1.0
1_E_968.jpeg,Mouse,1.0
1_E_969.jpg,Mouse,1.0
1_E_970.jpg,pcb,1.0
1_E_971.jpg,pcb,1.0
1_E_972.jpg,Washing_Machine,1.0
1_E_973.png,pcb,1.0
1_E_974.jpg,Mouse,1.0
1_E_975.jpg,Mouse,1.0
1_E_976.jpeg,Mouse,1.0
1_E_977.jpeg,Mouse,1.0
1_E_978.jpeg,Mouse,1.0
1_E_979.jpg,Television,1.0
1_E_980.jpeg,Mouse,1.0
1_E_981.jpeg,Mouse,1.0
1_E_982.jpeg,Mouse,1.0
1_E_983.jpeg,Mouse,1.0
1_E_984.jpeg,Mouse,1.0
1_E_985.jpg,pcb,0.9333333333333332
1_E_986.jpg,Television,0.9333333333333332
1_E_987.jpg,Washing_Machine,0.4
1_E_988.jpg,pcb,0.4666666666666667
1_E_989.jpg,battery,0.4666666666666667
1_E_990.jpg,Washing_Machine,0.5333333333333333
1_E_991.jpg,Washing_Machine,0.4666666666666667
1_E_992.jpg,pcb,1.0
1_E_993.jpg,pcb,1.0
1_E_994.jpeg,Keyboard,1.0
1_E_995.jpg,Television,1.0
1_E_997.jpg,Microwave,0.6
1_E_998.jpg,Television,1.0
1_E_999.jpg,Television,1.0
1_E_1000.jpg,pcb,1.0
1_E_1001.jpg,pcb,1.0
1_E_1002.jpg,pcb,0.9333333333333332
1_E_1003.png,pcb,1.0
1_E_1004.jpeg,Mouse,1.0
1_E_1005.jpeg,Mouse,1.0
1_E_1006.jpeg,Mouse,1.0
1_E_1007.jpeg,Mouse,1.0
1_E_1008.jpeg,Mouse,1.0
1_E_1009.jpeg,Mouse,0.8
1_E_1010.jpeg,Mouse,1.0
1_E_1011.jpeg,Mouse,1.0
1_E_1012.jpeg,Mouse,1.0
1_E_1013.jpeg,Mouse,1.0
1_E_1014.jpeg,Mouse,1.0
1_E_1015.jpeg,Mouse,1.0
1_E_1016.jpeg,Mouse,1.0
1_E_1017.jpeg,Mouse,1.0
1_E_1018.jpg,pcb,1.0
1_E_1019.jpg,Television,0.9333333333333332
1_E_1020.jpg,pcb,0.8
1_E_1021.jpg,pcb,0.8
1_E_1022.jpg,Mobile,0.6
1_E_1023.jpg,pcb,1.0
1_E_1024.jpg,Keyboard,0.7333333333333333
1_E_1025.png,pcb,1.0
1_E_1026.jpg,Keyboard,0.5333333333333333
1_E_1027.jpg,Mouse,0.8
1_E_1028.jpg,pcb,0.7333333333333333
1_E_1029.jpg,Keyboard,0.5333333333333333
1_E_1030.jpg,pcb,1.0
1_E_1031.jpg,Television,1.0
1_E_1032.jpg,Keyboard,1.0
1_E_1033.jpg,pcb,0.5333333333333333
1_E_1034.png,battery,0.6
1_E_1035.jpg,Television,0.4
1_E_1036.jpg,Television,1.0
1_E_1037.jpeg,Mobile,0.6
1_E_1038.jpeg,Television,0.9333333333333332
1_E_1039.jpeg,Television,1.0
1_E_1040.jpeg,Television,0.9333333333333332
1_E_1041.jpg,Mouse,1.0
1_E_1042.jpg,Mouse,1.0
1_E_1043.jpg,Mouse,1.0
1_E_1044.jpg,Mouse,1.0
1_E_1045.jpg,Mouse,1.0
1_E_1046.jpg,Mouse,1.0
1_E_1047.jpg,Mobile,0.6666666666666666
1_E_1048.jpg,Mobile,0.6
1_E_1049.jpg,Keyboard,0.6
1_E_1050.jpg,Keyboard,0.8
1_E_1051.jpg,Keyboard,1.0
1_E_1052.jpg,Keyboard,1.0
1_E_1053.jpg,Keyboard,0.9333333333333332
1_E_1054.jpg,Keyboard,1.0
1_E_1055.jpg,Mobile,1.0
1_E_1056.jpg,Mobile,1.0
1_E_1057.jpg,Mobile,1.0
1_E_1058.jpg,Mobile,1.0
1_E_1059.jpg,Mobile,1.0
1_E_1060.jpg,Mobile,1.0
1_E_1061.jpg,Mobile,1.0
1_E_1062.jpg,Mobile,1.0
1_E_1063.jpg,Mobile,1.0
1_E_1064.jpg,Mobile,1.0
1_E_1065.jpg,Mobile,1.0
1_E_1066.jpg,Mobile,1.0
1_E_1067.jpg,Mobile,1.0
1_E_1068.jpg,Mobile,1.0
1_E_1069.jpg,Mobile,1.0
1_E_1070.jpg,Mobile,1.0
1_E_1071.jpg,Mobile,1.0
1_E_1072.jpg,Mobile,1.0
1_E_1073.jpg,Mobile,0.8
1_E_1074.jpg,Mobile,1.0
1_E_1075.jpg,Mobile,1.0
1_E_1076.jpg,Television,0.8666666666666667
1_E_1077.jpg,Keyboard,1.0
1_E_1078.jpg,Mobile,0.7333333333333333
1_E_1079.jpg,Mobile,0.8666666666666667
1_E_1080.jpg,Mobile,0.8
1_E_1081.jpg,Mobile,0.9333333333333332
1_E_1082.jpg,Television,0.9333333333333332
1_E_1083.jpg,Television,0.9333333333333332
1_E_1084.jpg,Television,1.0
1_E_1085.jpg,Mobile,0.9333333333333332
1_E_1086.jpg,Mobile,1.0
1_E_1087.jpg,Mobile,0.4666666666666667
1_E_1088.jpg,Mobile,1.0
1_E_1089.jpg,Mobile,1.0
1_E_1090.jpg,Mobile,1.0
1_E_1091.jpg,Television,0.8666666666666667
1_E_1092.jpeg,pcb,0.4
1_E_1093.jpg,Printer,0.8
1_E_1094.jpg,pcb,1.0
1_E_1095.jpg,Washing_Machine,0.9333333333333332
1_E_1096.jpg,Television,0.8666666666666667
1_E_1097.jpg,Television,0.8
1_E_1098.jpg,Mobile,0.4666666666666667
1_E_1099.jpg,Mouse,0.2666666666666666
1_E_1100.jpg,Mobile,0.6666666666666666
1_E_1101.jpg,Keyboard,1.0
1_E_1102.jpg,Mobile,1.0
1_E_1104.jpg,Mobile,1.0
1_E_1105.jpg,Mobile,1.0
1_E_1106.jpg,Mobile,0.9333333333333332
1_E_1107.jpg,Mobile,1.0
1_E_1108.jpg,Mobile,0.5333333333333333
1_E_1109.jpg,Mobile,1.0
1_E_1110.jpg,Mobile,1.0
1_E_1111.jpg,Mouse,1.0
1_E_1112.jpg,Mouse,1.0
1_E_1113.jpg,Mouse,1.0
1_E_1114.jpg,Mobile,1.0
1_E_1115.jpg,Mobile,1.0
1_E_1116.jpg,Mobile,1.0
1_E_1117.jpg,Mobile,1.0
1_E_1118.jpg,Mobile,1.0
1_E_1119.jpg,Mobile,1.0
1_E_1120.jpg,Television,0.9333333333333332
1_E_1121.jpg,Television,1.0
1_E_1122.jpg,Television,1.0
1_E_1123.jpg,Television,0.7333333333333333
1_E_1124.jpg,Television,1.0
1_E_1125.jpg,Television,1.0
1_E_1126.jpg,Keyboard,1.0
1_E_1127.jpg,Keyboard,1.0
1_E_1128.jpg,Mouse,1.0
1_E_1129.jpg,Mouse,0.9333333333333332
1_E_1130.jpg,Keyboard,1.0
1_E_1131.jpg,Keyboard,1.0
1_E_1132.jpg,Keyboard,0.9333333333333332
1_E_1133.jpg,Keyboard,1.0
1_E_1134.jpg,Keyboard,0.8
1_E_1135.jpg,Keyboard,0.6666666666666666
1_E_1136.jpg,Mobile,0.3333333333333333
1_E_1137.jpg,Keyboard,1.0
1_E_1138.jpg,Keyboard,1.0
1_E_1139.jpg,Keyboard,1.0
1_E_1140.jpg,Mobile,1.0
1_E_1141.jpg,Mobile,1.0
1_E_1142.jpg,Mobile,1.0
1_E_1143.jpg,Mobile,1.0
1_E_1144.jpg,Mobile,1.0
1_E_1145.jpg,Mobile,1.0
1_E_1146.jpg,Mobile,1.0
1_E_1147.jpg,Mobile,1.0
1_E_1148.jpg,Keyboard,1.0
1_E_1149.jpg,Mobile,0.6666666666666666
1_E_1150.jpg,Mobile,1.0
1_E_1151.jpg,Mobile,0.3333333333333333
1_E_1152.jpg,Mobile,1.0
1_E_1153.jpg,Keyboard,0.5333333333333333
1_E_1154.jpg,Keyboard,0.8
1_E_1155.jpg,Keyboard,1.0
1_E_1156.jpg,Keyboard,1.0
1_E_1157.jpg,Mobile,0.8666666666666667
1_E_1158.jpg,Mobile,1.0
1_E_1159.jpg,Mobile,1.0
1_E_1160.jpg,Mobile,0.9333333333333332
1_E_1161.jpg,Mobile,1.0
1_E_1162.jpg,Mobile,0.8666666666666667
1_E_1163.jpg,Mobile,0.8666666666666667
1_E_1165.jpg,Mobile,0.7333333333333333
1_E_1166.jpg,Mobile,0.9333333333333332
1_E_1167.jpg,Mobile,0.9333333333333332
1_E_1168.jpg,Mobile,0.9333333333333332
1_E_1169.jpg,Mobile,1.0
1_E_1171.jpg,Mobile,1.0
1_E_1172.jpg,Mobile,1.0
1_E_1173.jpg,Mobile,1.0
1_E_1174.jpg,Mobile,1.0
1_E_1175.jpg,Mobile,1.0
1_E_1176.jpg,Mouse,1.0
1_E_1177.jpg,Mouse,1.0
1_E_1178.jpg,Mouse,1.0
1_E_1179.jpg,Mobile,1.0
1_E_1180.jpg,Mouse,1.0
1_E_1181.jpg,Keyboard,1.0
1_E_1182.jpg,Keyboard,1.0
1_E_1183.jpg,Keyboard,1.0
1_E_1184.jpg,Mobile,0.3333333333333333
1_E_1185.jpg,pcb,1.0
1_E_1186.jpg,Mobile,0.6
1_E_1187.jpg,Player,0.4666666666666667
1_E_1188.jpg,Washing_Machine,0.8
1_E_1189.jpg,Player,0.4
1_E_1190.jpg,Keyboard,1.0
1_E_1191.jpg,Keyboard,0.9333333333333332
1_E_1192.jpg,Keyboard,1.0
1_E_1193.jpg,Mobile,0.3333333333333333
1_E_1194.jpg,pcb,0.8
1_E_1195.jpg,Mouse,0.2666666666666666
1_E_1196.jpg,Mobile,0.3333333333333333
1_E_1197.jpg,Keyboard,0.4
1_E_1198.jpg,Mouse,0.2666666666666666
1_E_1199.jpg,pcb,0.5333333333333333
1_E_1200.jpg,Television,0.4
1_E_1201.jpg,Mobile,0.3333333333333333
1_E_1202.jpg,pcb,0.3333333333333333
1_E_1203.jpg,pcb,0.3333333333333333
1_E_1204.jpg,Mobile,0.2666666666666666
1_E_1205.jpg,Printer,0.2666666666666666
1_E_1206.jpg,Mouse,0.4
1_E_2817.jpg,battery,0.5333333333333333
1_E_2818.jpg,pcb,0.9333333333333332
1_E_3419.jpeg,Mouse,0.7333333333333333
1_E_3420.jpeg,Printer,0.4
1_E_3421.jpeg,Mouse,0.3333333333333333
1_E_3422.jpeg,Mouse,0.4666666666666667
1_E_3423.jpeg,Mouse,0.3333333333333333
1_E_3424.jpeg,Mouse,0.9333333333333332
1_E_3425.jpeg,Mouse,0.9333333333333332
1_E_3426.jpeg,Washing_Machine,0.3333333333333333
1_E_3427.jpeg,Mouse,0.6
1_E_3428.jpeg,Mobile,0.2666666666666666
1_E_3429.jpeg,Microwave,0.3333333333333333
1_E_3430.jpeg,Mouse,0.4666666666666667
1_E_3431.jpeg,Mouse,0.9333333333333332
1_E_3432.jpeg,Mouse,0.4666666666666667
1_E_3433.jpeg,Mouse,0.4666666666666667
1_E_3434.jpeg,Mouse,0.4
1_E_3435.jpeg,Mouse,0.6
1_E_3436.jpeg,Keyboard,0.2666666666666666
1_E_3437.jpeg,Mouse,1.0
1_E_3438.jpeg,Mouse,0.7333333333333333
1_E_3439.jpeg,Mouse,0.8666666666666667
1_E_3440.jpeg,pcb,0.3333333333333333
1_E_3441.jpeg,Washing_Machine,0.3333333333333333
1_E_3442.jpeg,Mouse,0.3333333333333333
1_E_3443.jpeg,Mouse,0.4
1_E_3444.jpeg,Mouse,0.6666666666666666
1_E_3445.jpeg,Washing_Machine,0.5333333333333333
1_E_3446.jpg,Television,1.0
1_E_3447.jpg,pcb,0.8
1_E_3448.jpg,Mobile,0.7333333333333333
1_E_3449.jpg,Printer,1.0
1_E_3450.jpg,Mobile,1.0
1_E_3670.jpg,pcb,0.6
1_E_3671.jpg,Mobile,1.0
1_E_3672.jpg,Keyboard,0.7333333333333333
1_E_3673.jpg,pcb,1.0
1_E_3674.jpg,Mobile,1.0
1_E_3675.jpg,Mouse,0.4
1_E_3676.jpg,Television,0.8666666666666667
1_E_3677.jpg,Printer,0.8666666666666667
1_E_3678.jpg,Television,1.0
1_E_3679.jpg,Mobile,1.0
1_E_3680.jpeg,Washing_Machine,1.0
1_E_3681.jpg,pcb,1.0
1_E_3682.jpg,pcb,1.0
1_E_3683.jpg,Keyboard,1.0
1_E_3684.jpg,Mobile,1.0
1_E_3686.jpg,pcb,1.0
1_E_3687.jpg,pcb,0.5333333333333333
1_E_3688.jpg,pcb,0.9333333333333332
1_E_3689.jpg,pcb,1.0
1_E_3690.jpg,pcb,0.6
1_E_3691.jpg,Television,0.4666666666666667
1_E_3692.jpg,pcb,1.0
1_E_3693.jpg,Television,0.8
1_E_3694.jpg,Keyboard,0.6666666666666666
1_E_3695.jpg,pcb,0.7333333333333333
1_E_3696.jpg,Printer,0.4
1_E_3697.jpg,Washing_Machine,0.9333333333333332
1_E_3698.jpg,Washing_Machine,1.0
1_E_3699.jpg,Mobile,1.0
1_E_3700.jpg,Player,0.6
1_E_3701.jpg,pcb,0.9333333333333332
1_E_3702.jpg,pcb,0.6
1_E_3703.jpg,pcb,1.0
1_E_3704.jpg,Mobile,1.0
1_E_3705.jpeg,Mobile,1.0
1_E_3706.jpg,Printer,0.8
1_E_3707.jpg,Player,0.7333333333333333
1_E_3708.jpg,Printer,0.4666666666666667
1_E_3709.jpg,pcb,0.8
1_E_3710.jpg,Mobile,0.4666666666666667
1_E_3711.jpg,Television,1.0
1_E_3712.jpg,pcb,1.0
1_E_3943.jpg,pcb,1.0
1_E_3944.jpg,pcb,0.5333333333333333
1_E_3945.jpg,pcb,0.6666666666666666
1_E_3946.jpg,Player,0.2666666666666666
1_E_3947.jpg,Washing_Machine,0.6666666666666666
1_E_3948.jpg,Television,1.0
1_E_3949.jpg,pcb,1.0
1_E_3950.jpg,Keyboard,0.4
1_E_3951.jpg,pcb,0.4
1_E_3952.jpg,pcb,1.0
1_E_3953.jpg,pcb,1.0
1_E_3954.jpg,pcb,1.0
1_E_3955.jpeg,pcb,1.0
1_E_3956.jpg,Mobile,0.8666666666666667
1_E_3957.jpg,pcb,1.0
1_E_3958.jpg,pcb,1.0
1_E_3959.jpg,battery,0.6666666666666666
1_E_3960.jpeg,pcb,0.4666666666666667
1_E_3961.jpg,pcb,1.0
