cluster,Keyboard,Microwave,Mobile,Mouse,Player,Printer,Television,Washing_Machine,battery,pcb
0,0,0,0,0,0,3,1,0,0,1
1,1,0,0,1,0,1,0,0,0,215
2,9,0,0,0,0,0,0,0,0,0
3,3,0,145,1,0,0,1,0,0,0
4,0,0,0,0,0,0,0,0,0,0
5,0,1,0,0,226,0,0,0,0,0
6,0,5,0,0,1,0,123,0,0,0
7,2,0,0,0,0,0,1,0,0,0
8,11,1,0,0,2,0,0,0,177,0
9,204,0,0,0,1,0,0,0,0,0
10,2,0,0,0,1,263,0,1,0,0
11,0,1,0,0,0,0,0,189,0,0
12,0,1,0,0,2,1,127,0,0,0
13,1,241,0,0,1,2,1,3,0,0
14,0,0,1,204,3,0,0,0,0,0
15,0,1,0,0,0,5,0,100,1,0
16,0,0,3,0,0,0,0,0,0,0
17,0,1,1,0,0,0,0,1,0,1
18,0,0,0,0,0,0,0,0,36,0
