view,variant,name,n,k_silhouette,silhouette,n_subclasses,ari_vs_leiden,subclass_to_leiden
filename name (catalogue),bit,Keyboard,233,2,0.088,2,0.187,9:0.68(n=85) 9:0.99(n=148)
filename name (catalogue),bit,Microwave,252,2,0.091,3,0.062,13:0.94(n=85) 13:1.00(n=136) 13:0.81(n=31)
filename name (catalogue),bit,Mobile,150,2,0.067,2,0.035,3:0.93(n=54) 3:0.99(n=96)
filename name (catalogue),bit,Mouse,206,2,0.072,3,0.027,14:0.97(n=38) 14:1.00(n=139) 14:0.97(n=29)
filename name (catalogue),bit,Player,237,2,0.123,2,0.01,5:0.93(n=108) 5:0.98(n=129)
filename name (catalogue),bit,Printer,275,2,0.07,3,-0.004,10:0.99(n=116) 10:0.92(n=119) 10:0.97(n=40)
filename name (catalogue),bit,Television,254,2,0.17,4,0.638,12:0.98(n=54) 6:0.98(n=124) 12:0.98(n=44) 12:0.97(n=32)
filename name (catalogue),bit,Washing_Machine,294,2,0.211,2,0.857,11:0.99(n=182) 15:0.88(n=112)
filename name (catalogue),bit,battery,214,3,0.135,3,0.471,8:1.00(n=45) 18:0.92(n=39) 8:1.00(n=130)
filename name (catalogue),bit,pcb,217,2,0.063,3,-0.008,1:0.98(n=118) 1:1.00(n=64) 1:1.00(n=35)
filename name (catalogue),umap,Keyboard,233,10,0.548,10,0.043,8:0.53(n=17) 9:1.00(n=13) 9:0.96(n=28) 9:0.92(n=24) 2:0.89(n=9) 9:0.90(n=31) 9:1.00(n=42) 9:0.96(n=24) 9:1.00(n=25) 9:1.00(n=20)
filename name (catalogue),umap,Microwave,252,2,0.731,3,0.036,13:0.97(n=170) 13:0.97(n=35) 13:0.89(n=47)
filename name (catalogue),umap,Mobile,150,4,0.538,4,-0.004,3:0.92(n=25) 3:1.00(n=18) 3:1.00(n=39) 3:0.96(n=68)
filename name (catalogue),umap,Mouse,206,7,0.545,7,0.001,14:1.00(n=20) 14:1.00(n=51) 14:1.00(n=45) 14:1.00(n=9) 14:1.00(n=16) 14:0.97(n=33) 14:0.97(n=32)
filename name (catalogue),umap,Player,237,5,0.798,5,0.031,5:1.00(n=9) 5:0.91(n=33) 5:0.98(n=99) 5:0.79(n=29) 5:1.00(n=67)
filename name (catalogue),umap,Printer,275,3,0.641,5,-0.011,10:0.90(n=91) 10:0.98(n=88) 10:1.00(n=22) 10:0.97(n=29) 10:1.00(n=45)
filename name (catalogue),umap,Television,254,2,0.808,3,0.765,12:0.98(n=95) 6:0.98(n=126) 12:1.00(n=33)
filename name (catalogue),umap,Washing_Machine,294,2,0.886,2,0.96,11:0.98(n=193) 15:0.99(n=101)
filename name (catalogue),umap,battery,214,4,0.85,4,0.243,8:1.00(n=68) 18:0.97(n=37) 8:1.00(n=61) 8:1.00(n=48)
filename name (catalogue),umap,pcb,217,3,0.689,6,-0.0,1:1.00(n=68) 1:0.96(n=45) 1:1.00(n=19) 1:1.00(n=28) 1:1.00(n=32) 1:1.00(n=25)
confident name vote (all photos),bit,Keyboard,408,2,0.18,2,0.683,2:0.91(n=117) 9:0.86(n=291)
confident name vote (all photos),bit,Microwave,253,2,0.091,2,0.062,13:1.00(n=156) 13:0.88(n=97)
confident name vote (all photos),bit,Mobile,446,8,0.099,9,0.123,3:0.93(n=14) 3:1.00(n=83) 16:0.95(n=20) 4:0.88(n=40) 3:0.45(n=31) 3:0.78(n=97) 3:1.00(n=28) 3:1.00(n=104) 3:1.00(n=29)
confident name vote (all photos),bit,Mouse,294,2,0.081,2,0.171,14:0.82(n=74) 14:1.00(n=220)
confident name vote (all photos),bit,Player,244,2,0.119,2,0.006,5:0.91(n=112) 5:0.95(n=132)
confident name vote (all photos),bit,Printer,299,2,0.07,3,0.176,10:0.59(n=81) 10:0.99(n=176) 10:0.98(n=42)
confident name vote (all photos),bit,Television,465,2,0.148,4,0.663,6:0.91(n=224) 12:0.63(n=135) 12:1.00(n=57) 7:0.98(n=49)
confident name vote (all photos),bit,Washing_Machine,308,2,0.199,3,0.777,11:0.99(n=191) 15:0.81(n=91) 15:1.00(n=26)
confident name vote (all photos),bit,battery,228,3,0.129,3,0.429,8:1.00(n=45) 8:0.94(n=141) 18:0.86(n=42)
confident name vote (all photos),bit,pcb,457,2,0.133,3,0.519,0:0.74(n=113) 1:0.99(n=297) 1:0.89(n=47)
confident name vote (all photos),umap,Keyboard,408,2,0.776,2,0.716,9:0.86(n=296) 2:0.96(n=112)
confident name vote (all photos),umap,Microwave,253,2,0.753,3,0.027,13:0.96(n=168) 13:0.97(n=35) 13:0.90(n=50)
confident name vote (all photos),umap,Mobile,446,4,0.711,6,0.258,4:0.79(n=43) 3:0.99(n=192) 16:0.95(n=21) 3:0.66(n=68) 3:0.94(n=63) 3:0.95(n=59)
confident name vote (all photos),umap,Mouse,294,2,0.918,2,0.86,14:0.99(n=284) 17:1.00(n=10)
confident name vote (all photos),umap,Player,244,2,0.791,4,0.059,5:0.98(n=109) 5:0.70(n=33) 5:0.89(n=35) 5:0.99(n=67)
confident name vote (all photos),umap,Printer,299,5,0.616,5,0.101,10:0.96(n=99) 10:0.98(n=89) 0:0.87(n=23) 10:0.91(n=65) 10:0.96(n=23)
confident name vote (all photos),umap,Television,465,7,0.737,8,0.388,6:0.98(n=55) 12:0.99(n=67) 7:0.90(n=69) 6:0.78(n=90) 12:1.00(n=35) 6:1.00(n=83) 7:0.55(n=38) 12:1.00(n=28)
confident name vote (all photos),umap,Washing_Machine,308,2,0.884,2,0.923,15:0.99(n=101) 11:0.96(n=207)
confident name vote (all photos),umap,battery,228,4,0.85,4,0.226,8:1.00(n=47) 18:0.90(n=40) 8:0.95(n=64) 8:0.91(n=77)
confident name vote (all photos),umap,pcb,457,8,0.618,9,0.131,1:0.99(n=119) 1:0.54(n=61) 1:1.00(n=33) 1:1.00(n=90) 1:0.88(n=32) 1:1.00(n=12) 1:1.00(n=18) 0:1.00(n=60) 1:1.00(n=32)
