cluster,size,n_catalogue,catalogue_share,n_named,majority_name,majority_n,majority_share,majority_share_of_named,second_name,second_share,orphan
0,281,5,0.017794,161,pcb,89,0.316726,0.552795,Printer,0.074733,True
1,384,218,0.567708,374,pcb,364,0.947917,0.973262,Printer,0.007812,False
2,148,9,0.060811,135,Keyboard,108,0.729730,0.800000,Mobile,0.108108,False
3,361,150,0.415512,357,Mobile,350,0.969529,0.980392,Keyboard,0.008310,False
4,58,0,0.000000,41,Mobile,35,0.603448,0.853659,Keyboard,0.051724,False
5,228,227,0.995614,228,Player,227,0.995614,0.995614,Microwave,0.004386,False
6,220,129,0.586364,218,Television,207,0.940909,0.949541,Microwave,0.022727,False
7,119,3,0.025210,108,Television,83,0.697479,0.768519,Keyboard,0.151261,False
8,192,191,0.994792,192,battery,178,0.927083,0.927083,Keyboard,0.057292,False
9,257,205,0.797665,257,Keyboard,256,0.996109,0.996109,Player,0.003891,False
10,268,267,0.996269,268,Printer,264,0.985075,0.985075,Keyboard,0.007463,False
11,204,190,0.931373,202,Washing_Machine,199,0.975490,0.985149,Microwave,0.004902,False
12,147,131,0.891156,146,Television,142,0.965986,0.972603,Player,0.013605,False
13,249,249,1.000000,249,Microwave,241,0.967871,0.967871,Washing_Machine,0.012048,False
14,288,208,0.722222,285,Mouse,281,0.975694,0.985965,Player,0.010417,False
15,108,107,0.990741,108,Washing_Machine,101,0.935185,0.935185,Printer,0.046296,False
16,21,3,0.142857,21,Mobile,20,0.952381,0.952381,Player,0.047619,False
17,38,4,0.105263,16,Mouse,10,0.263158,0.625000,pcb,0.078947,True
18,36,36,1.000000,36,battery,36,1.000000,1.000000,,0.000000,False
