cluster,group,n,mean_top_share,min_top_share,frac_refits_hold,n_refits
0,heaps 0,281,0.976139,0.947137,1.000000,25
1,,384,0.967095,0.603715,1.000000,25
2,laptop 2,148,0.967487,0.887931,1.000000,25
3,smartphone 3,361,0.978091,0.925676,1.000000,25
4,laptop 4,58,0.967622,0.833333,1.000000,25
5,,228,0.753784,0.448276,0.640000,25
6,CRT 6,220,0.782791,0.640449,1.000000,25
7,,119,0.841252,0.663265,1.000000,25
8,small batt 8,192,0.851664,0.573248,0.960000,25
9,,257,0.973711,0.762376,1.000000,25
10,,268,0.995962,0.986425,1.000000,25
11,,204,0.992759,0.980645,1.000000,25
12,flat TV 12,147,0.918876,0.651376,1.000000,25
13,,249,0.964305,0.916230,1.000000,25
14,,288,0.993592,0.981735,1.000000,25
15,,108,0.995410,0.988095,1.000000,25
16,feature phone 16,21,1.000000,1.000000,1.000000,25
17,sockets 17,38,0.980462,0.833333,1.000000,25
18,aki 18,36,0.986313,0.931034,1.000000,25
