reference,0,1,2,3,4,5,6,7,8,9,10,11,12,13,14,15,16,17,18
0,281,0,0,0,0,0,0,0,0,0,0,0,0,0,0,0,0,0,0
1,0,384,0,0,0,0,0,0,0,0,0,0,0,0,0,0,0,0,0
2,0,0,148,0,0,0,0,0,0,0,0,0,0,0,0,0,0,0,0
3,0,0,0,361,0,0,0,0,0,0,0,0,0,0,0,0,0,0,0
4,0,0,0,0,58,0,0,0,0,0,0,0,0,0,0,0,0,0,0
5,0,0,0,0,0,228,0,0,0,0,0,0,0,0,0,0,0,0,0
6,0,0,0,0,0,0,220,0,0,0,0,0,0,0,0,0,0,0,0
7,0,0,0,0,0,0,0,119,0,0,0,0,0,0,0,0,0,0,0
8,0,0,0,0,0,0,0,0,192,0,0,0,0,0,0,0,0,0,0
9,0,0,0,0,0,0,0,0,0,257,0,0,0,0,0,0,0,0,0
10,0,0,0,0,0,0,0,0,0,0,268,0,0,0,0,0,0,0,0
11,0,0,0,0,0,0,0,0,0,0,0,204,0,0,0,0,0,0,0
12,0,0,0,0,0,0,0,0,0,0,0,0,147,0,0,0,0,0,0
13,0,0,0,0,0,0,0,0,0,0,0,0,0,249,0,0,0,0,0
14,0,0,0,0,0,0,0,0,0,0,0,0,0,0,288,0,0,0,0
15,0,0,0,0,0,0,0,0,0,0,0,0,0,0,0,108,0,0,0
16,0,0,0,0,0,0,0,0,0,0,0,0,0,0,0,0,21,0,0
17,0,0,0,0,0,0,0,0,0,0,0,0,0,0,0,0,0,38,0
18,0,0,0,0,0,0,0,0,0,0,0,0,0,0,0,0,0,0,36
